{
    "atijd": "всегда",
    "het blad,  bladeren": "лист (растения); молодая листва",
    "blauw": "синий, голубой",
    "blijven": "оставаться",
    "bloeien": "цвести",
    "de  bloem,  -en": "цветок",
    "het bollenveld,  -en": "цветочное поле, поле для  разведения  цветочных луковиц",
    "buiten": "снаружи,  на  дворе,  на  улице",
    "dooien": "таять; тает",
    "echt": "настоящий",
    "fijn": "чудесно",
    "geloven": "верить,  думать , полагать; я  думаю ,  что  это так; я думаю , что  это не так",
    "heerlijk": "чудесный, чудесно",
    "heet": "жарко",
    "helaas": "к  сожалению",
    "de  hemel": "небо; на  небе",
    "soms": "иногда",
    "steeds": "всегда,  постоянно",
    "de  tijd,  -en": "время",
    "de temperatuur, -turen": "температура; 10 градусов  (выше,  ниже)  нуля",
    "het  uitstapje,  -s": "прогулка, поездка  за  город; поехать за  город",
    "vallen": "падать,  опадать,  выпадать",
    "vandaag": "сегодня; сегодня утром; сегодня днем; сегодня вечером; сегодня ночью",
    "de  herfst": "осень",
    "het jaar, jaren": "год",
    "het jaargetijde, -n": "время года",
    "jong": "молодой, свежий, новый",
    "kort": "короткий",
    "koud  (het  is  koud)": "холодный (холодно)",
    "de  lente,  -n": "весна",
    "meestal": "чаще всего",
    "de  mist": "туман",
    "de  nacht,  -en": "ночь",
    "het  najaar": "осень",
    "namelijk": "а  именно",
    "het  onweer,  -en": "гроза, ненастье",
    "prachtig": "великолепный",
    "regenachtig": "дождливый",
    "regenen": "идти (о  дожде);  идет дождь",
    "schaatsen": "кататься  на  коньках",
    "sneeuwen": "идти  (о  снеге);  идет  снег",
    "het  voorjaar": "весна",
    "vriezen": "морозить; подмораживает;  мороз",
    "waaien": "дуть  (о ветре);  дует  ветер",
    "warm  (het  is  warm)": "теплый  (тепло)",
    "het  weer": "погода",
    "weer": "снова,  опять",
    "de  winter": "зима",
    "de  wolk,  -en": "облако",
    "worden": "становиться (начинаться)",
    "zacht": "мягкий,  тихий",
    "de  zomer,  -s": "лето",
    "de  zon": "солнце"
  }
  