{
    "de  bank, -en": "банк, диван",
    "de  badkamer, -s": "ванная комната",
    "bekijken": "рассматривать",
    "beneden": "внизу",
    "de  benedenverdieping, -en": "нижний этаж",
    "boven": "наверху, над",
    "de  bovenverdieping": "верхний этаж",
    "bezoeken": "посещать; приходить в гости",
    "centraal": "центральный",
    "de  deur, -en": "дверь",
    "de  eetkamer, -s": "столовая",
    "gezellig": "уютный",
    "het  (de)  gordijn, -en": "штора, гардина",
    "de  hal, -len": "вестибюль, холл",
    "hangen": "висеть",
    "heel": "очень",
    "het  huis, huizen": "дом",
    "de  huiskamer, -s": "гостиная",
    "de  keuken, -s": "кухня",
    "laag": "низкий",
    "de leeslamp, -en": "настольная лампа",
    "de  lennstoel, -en": "кресло",
    "links": "слева",
    "het  meubel, -s, -en": "предмет мебели",
    "modern": "современный, новый",
    "nieuw": "новый",
    "praten": "разговаривать",
    "prettig": "приятный, милый",
    "rechts": "справа",
    "rond": "круглый",
    "het  (de)  schilderij, -en": "картина",
    "tegenover": "напротив",
    "de  trap, -pen": "лестница",
    "tussen": "между",
    "de verdieping, -en": "этаж",
    "de (centrale) verwarming": "(центральное) отопление",
    "vinden": "находить; нравиться",
    "de  vloer, -en": "пол",
    "het  vloerkleed, ~ kleden": "ковер",
    "de  W C [wese]": "туалет",
    "de  wijk, -en": "район, квартал",
    "wonen": "жить, проживать",
    "de woning, -en. de flat, -s [fiaet]": "квартира",
    "dat  doet  me  plezier  (te  horen ...)": "это мне приятно (слышать ...)",
    "ik ben tevreden (met)": "я доволен (чем-л.)"
  }
  