{
    "de  broeder,  -s": "брат",
    "de  dochter,  -s": "дочь",
    "de  familie,  -s": "семья (родственники)",
    "gaan (naar)": "идти (куда-либо); op (naar) school gaan - ходить в школу (учиться в школе)",
    "het  gezin,  -nen": "семья (жена, муж, дети)",
    "de jongen,  -s": "мальчик",
    "het  kantoor,  -toren": "контора, бюро, офис; op een kantoor werken - работать в учреждении",
    "kijken (naar)": "смотреть (на что-либо)",
    "de  leerling, -en": "ученик",
    "leren (in de school)": "1. учить 2. учиться (в школе)",
    "de  man, -nen": "мужчина, муж",
    "het  meisje,  -s": "девочка, девушка",
    "de  moeder,  -s": "мать",
    "de  neef,  neven": "племянник",
    "de  nicht,  -en": "племянница",
    "nog": "еще",
    "de  ouders": "родители",
    "pas": "только (во временном значении)",
    "de  school,  scholen": "школа",
    "spelen": "играть",
    "de  student,  -en": "студент",
    "de  studente,  -n  (-s)": "студентка",
    "studeren (aan de universiteit)": "учиться (в университете)",
    "de  televisie (de  T V [doteve])": "телевидение",
    "de  universiteit,  -en": "университет",
    "de  vader,  -s": "отец",
    "voorstellen": "знакомить, представлять",
    "de  vrouw,  -en": "женщина, жена",
    "wie": "кто",
    "de  zoon,  -s": "сын",
    "de  zuster,  -s  (het  zusje,  -s)": "сестра",
    "aangename kennismaking": "приятно познакомиться"
  }
  