{
    "alstublieft (alsjeblieft)": "пожалуйста (на вы, на ты)",
    "beginnen": "начинаться",
    "eindigen": "заканчиваться, кончаться",
    "de  fout  -e n": "ошибка",
    "fouten  maken": "делать ошибки",
    "het  gedicht,  -en": "стихотворение",
    "gemakkelijk  (makkelijk)": "легкий",
    "geven": "давать",
    "les": "давать уроки",
    "groeten": "здороваться",
    "hardop": "вслух, громко",
    "het  hoofd  -en": "голова; глава",
    "hoofd  leren": "выучить что-л. наизусть",
    "het  huiswerk": "домашнее задание",
    "de  klas -sen": "класс",
    "krijgen": "получать",
    "laat": "поздно",
    "laat  voor  de  les  zijn": "опоздать на урок",
    "langzaam": "медленно",
    "de  lerares,  -sen": "учительница",
    "de  les,  -sen": "урок",
    "luiden": "звенеть, звучать",
    "Inisteren  (naar  iets,  iem.)": "слушать (что-л., кого-л.)",
    "maar": "но, а, же",
    "maken": "делать",
    "moeilijk": "трудный, трудно",
    "het Nederlands": "нидерландский",
    "nemen": "брать",
    "open": "открытый, открыто",
    "opendoen": "открывать",
    "de  oefening,  -en": "упражнение",
    "de  regel, -s": "правило",
    "het  Russisch": "русский язык",
    "schrijven": "писать",
    "het  schrift, -en": "тетрадь",
    "schriftelijk": "письменный, письменно",
    "spreken": "говорить",
    "Nederlands spreken": "говорить по-нидерландски",
    "Russisch spreken": "говорить по-русски",
    "thuis": "дома",
    "de  uitdrukking,  -en": "выражение",
    "uitleggen": "излагать",
    "het  uur,  uren": "час",
    "de  verklaring, -en": "объяснение",
    "vertalen uit": "переводить с",
    "uit het  Ne­derlands in het Russisch": "с нидерландского на русский",
    "ver": "далекий, далеко",
    "verstaan (syn.  begrijpen)": "понимать",
    "vlug": "быстро",
    "de  vraag,  vragen": "вопрос",
    "vragen stellen": "задавать вопросы",
    "zeggen": "говорить, сказать",
    "de  zin,  -nen": "предложение"
  }
  